{"cameraMode":{"drawMode":0,"name":"Shaded","section":"Shading Mode"},"sceneLighting":true,"audioPlay":false,"sceneViewState":{"showFog":true,"showMaterialUpdate":false,"showSkybox":true,"showFlares":true,"showImageEffects":true,"showParticleSystems":true},"in2DMode":false,"pivot":{"x":-0.8363405466079712,"y":8.524674415588379,"z":-7.2689208984375},"rotation":{"x":-0.0014998642727732659,"y":0.013499575667083264,"z":-0.00002024940295086708,"w":-0.9999077916145325},"size":30.589099884033204,"orthographic":false}